<?xml version="1.0" encoding="UTF-8"?>
<MF0 version="1.1" packageUris="http://schema.mathworks.com/mf0/ci/19700101 http://schema.mathworks.com/mf0/sl_modelref_info/R2020b http://schema.mathworks.com/mf0/slexec_mm_sto/R2019b_201902271317">
  <ModelRefInfoRepo.ModelRefInfoRoot type="ModelRefInfoRepo.ModelRefInfoRoot" uuid="9396c2ba-d4e3-4f57-ab4e-2117c436fe6b">
    <autoSolverStatusFlags>323</autoSolverStatusFlags>
    <childModelRefInfo type="ModelRefInfoRepo.ChildModelRefInfo" uuid="bf97a9a4-7b61-4109-9aee-944cbd84cb39">
      <modelName>Hercules</modelName>
      <modelPath>Hercules</modelPath>
    </childModelRefInfo>
    <childModelRefInfo type="ModelRefInfoRepo.ChildModelRefInfo" uuid="257476be-eecd-4e61-a27e-4019c66c75ef">
      <hasAccelReference>true</hasAccelReference>
      <modelName>Power_System_General</modelName>
      <modelPath>Hercules:Power_System_General</modelPath>
    </childModelRefInfo>
    <dataDictionary>TrackingAntenna.sldd</dataDictionary>
    <dataDictionarySet>TrackingAntenna.sldd</dataDictionarySet>
    <dataDictionarySetForDataTypeCheck>TrackingAntenna.sldd</dataDictionarySetForDataTypeCheck>
    <dataTransferInfos>AAFJTQAAAAAOAAAAOAAAAAYAAAAIAAAAAgAAAAAAAAAFAAAACAAAAAAAAAABAAAAAQAAAAAAAAAFAAQAAQAAAAEAAAAAAAAA</dataTransferInfos>
    <defaultsCMapping>{&quot;Inports&quot;:&quot;{\&quot;Name\&quot;:\&quot;ExportedGlobal\&quot;,\&quot;Checksum\&quot;:\&quot;238974763\&quot;,\&quot;PerInstancePropertiesChecksum\&quot;:\&quot;\&quot;,\&quot;MemorySectionName\&quot;:\&quot;None\&quot;,\&quot;MemorySectionChecksum\&quot;:\&quot;None\&quot;}&quot;,&quot;Outports&quot;:&quot;{\&quot;Name\&quot;:\&quot;ExportedGlobal\&quot;,\&quot;Checksum\&quot;:\&quot;238974763\&quot;,\&quot;PerInstancePropertiesChecksum\&quot;:\&quot;\&quot;,\&quot;MemorySectionName\&quot;:\&quot;None\&quot;,\&quot;MemorySectionChecksum\&quot;:\&quot;None\&quot;}&quot;,&quot;ParameterArguments&quot;:&quot;{\&quot;Name\&quot;:\&quot;Default\&quot;,\&quot;Checksum\&quot;:\&quot;Default\&quot;,\&quot;PerInstancePropertiesChecksum\&quot;:\&quot;\&quot;,\&quot;MemorySectionName\&quot;:\&quot;None\&quot;,\&quot;MemorySectionChecksum\&quot;:\&quot;None\&quot;}&quot;,&quot;LocalParameters&quot;:&quot;{\&quot;Name\&quot;:\&quot;Default\&quot;,\&quot;Checksum\&quot;:\&quot;Default\&quot;,\&quot;PerInstancePropertiesChecksum\&quot;:\&quot;\&quot;,\&quot;MemorySectionName\&quot;:\&quot;None\&quot;,\&quot;MemorySectionChecksum\&quot;:\&quot;None\&quot;}&quot;,&quot;GlobalParameters&quot;:&quot;{\&quot;Name\&quot;:\&quot;Default\&quot;,\&quot;Checksum\&quot;:\&quot;Default\&quot;,\&quot;PerInstancePropertiesChecksum\&quot;:\&quot;\&quot;,\&quot;MemorySectionName\&quot;:\&quot;None\&quot;,\&quot;MemorySectionChecksum\&quot;:\&quot;None\&quot;}&quot;,&quot;InternalData&quot;:&quot;{\&quot;Name\&quot;:\&quot;Default\&quot;,\&quot;Checksum\&quot;:\&quot;Default\&quot;,\&quot;PerInstancePropertiesChecksum\&quot;:\&quot;\&quot;,\&quot;MemorySectionName\&quot;:\&quot;None\&quot;,\&quot;MemorySectionChecksum\&quot;:\&quot;None\&quot;}&quot;,&quot;SharedLocalDataStores&quot;:&quot;{\&quot;Name\&quot;:\&quot;Default\&quot;,\&quot;Checksum\&quot;:\&quot;Default\&quot;,\&quot;PerInstancePropertiesChecksum\&quot;:\&quot;\&quot;,\&quot;MemorySectionName\&quot;:\&quot;None\&quot;,\&quot;MemorySectionChecksum\&quot;:\&quot;None\&quot;}&quot;,&quot;GlobalDataStores&quot;:&quot;{\&quot;Name\&quot;:\&quot;Default\&quot;,\&quot;Checksum\&quot;:\&quot;Default\&quot;,\&quot;PerInstancePropertiesChecksum\&quot;:\&quot;\&quot;,\&quot;MemorySectionName\&quot;:\&quot;None\&quot;,\&quot;MemorySectionChecksum\&quot;:\&quot;None\&quot;}&quot;,&quot;Constants&quot;:&quot;{\&quot;Name\&quot;:\&quot;Default\&quot;,\&quot;Checksum\&quot;:\&quot;Default\&quot;,\&quot;PerInstancePropertiesChecksum\&quot;:\&quot;\&quot;,\&quot;MemorySectionName\&quot;:\&quot;None\&quot;,\&quot;MemorySectionChecksum\&quot;:\&quot;None\&quot;}&quot;,&quot;DataTransfers&quot;:&quot;{\&quot;Name\&quot;:\&quot;Default\&quot;,\&quot;Checksum\&quot;:\&quot;Default\&quot;,\&quot;PerInstancePropertiesChecksum\&quot;:\&quot;\&quot;,\&quot;MemorySectionName\&quot;:\&quot;None\&quot;,\&quot;MemorySectionChecksum\&quot;:\&quot;None\&quot;}&quot;,&quot;ModelData&quot;:&quot;{\&quot;Name\&quot;:\&quot;Default\&quot;,\&quot;Checksum\&quot;:\&quot;Default\&quot;,\&quot;PerInstancePropertiesChecksum\&quot;:\&quot;\&quot;,\&quot;MemorySectionName\&quot;:\&quot;None\&quot;,\&quot;MemorySectionChecksum\&quot;:\&quot;None\&quot;}&quot;,&quot;InitializeTerminate&quot;:&quot;{\&quot;Name\&quot;:\&quot;Default\&quot;,\&quot;Checksum\&quot;:\&quot;Default\&quot;,\&quot;PerInstancePropertiesChecksum\&quot;:\&quot;\&quot;,\&quot;MemorySectionName\&quot;:\&quot;None\&quot;,\&quot;MemorySectionChecksum\&quot;:\&quot;None\&quot;}&quot;,&quot;Execution&quot;:&quot;{\&quot;Name\&quot;:\&quot;Default\&quot;,\&quot;Checksum\&quot;:\&quot;Default\&quot;,\&quot;PerInstancePropertiesChecksum\&quot;:\&quot;\&quot;,\&quot;MemorySectionName\&quot;:\&quot;None\&quot;,\&quot;MemorySectionChecksum\&quot;:\&quot;None\&quot;}&quot;,&quot;SharedUtility&quot;:&quot;{\&quot;Name\&quot;:\&quot;Default\&quot;,\&quot;Checksum\&quot;:\&quot;Default\&quot;,\&quot;PerInstancePropertiesChecksum\&quot;:\&quot;\&quot;,\&quot;MemorySectionName\&quot;:\&quot;None\&quot;,\&quot;MemorySectionChecksum\&quot;:\&quot;None\&quot;}&quot;}</defaultsCMapping>
    <fundamentalSampleTimePeriod>.3</fundamentalSampleTimePeriod>
    <globalVariables>#PowrLossTm#TrackingAntenna.sldd#</globalVariables>
    <globalVariables>#PwrBtnPulseTm#TrackingAntenna.sldd#</globalVariables>
    <globalVariables>#ResetBtnPulseTm#TrackingAntenna.sldd#</globalVariables>
    <hasBlockWithPeriodicDiscreteSampleTime>true</hasBlockWithPeriodicDiscreteSampleTime>
    <hasBwsAccessed>true</hasBwsAccessed>
    <hasBwsAccessedByAnyModel>true</hasBwsAccessedByAnyModel>
    <hasNonVirtualConstantTs>true</hasNonVirtualConstantTs>
    <hasStatesModifiedInOutputUpdate>true</hasStatesModifiedInOutputUpdate>
    <inports type="ModelRefInfoRepo.InportInformation" uuid="619faede-83cc-476e-8e62-b9c48b19702b">
      <isNotDerivPort>true</isNotDerivPort>
      <RTWSignalIdentifier>jetsonOn</RTWSignalIdentifier>
      <designMax>Inf</designMax>
      <designMin>-Inf</designMin>
      <indexType>2</indexType>
      <rateInfo type="ModelRefInfoRepo.RateInfo">
        <compiled>true</compiled>
        <nonFcnCallPartitionName>D1</nonFcnCallPartitionName>
        <period>.3</period>
        <priority>40</priority>
        <rateIdx>0</rateIdx>
      </rateInfo>
      <resolvedSignalObject></resolvedSignalObject>
      <sigNameToEMVCEMap type="ModelRefInfoRepo.SigNameEMVCEInfo" uuid="17c9b1c8-db9b-43c2-8f7e-b3e03d318625"/>
    </inports>
    <inports type="ModelRefInfoRepo.InportInformation" uuid="fed37f9c-5ad3-46ba-9ad8-f1bae056bece">
      <isNotDerivPort>true</isNotDerivPort>
      <RTWSignalIdentifier>PwrOn</RTWSignalIdentifier>
      <designMax>Inf</designMax>
      <designMin>-Inf</designMin>
      <indexType>2</indexType>
      <originalPortNumber>1</originalPortNumber>
      <rateInfo type="ModelRefInfoRepo.RateInfo">
        <compiled>true</compiled>
        <nonFcnCallPartitionName>D1</nonFcnCallPartitionName>
        <period>.3</period>
        <priority>40</priority>
        <rateIdx>0</rateIdx>
      </rateInfo>
      <resolvedSignalObject></resolvedSignalObject>
      <sigNameToEMVCEMap type="ModelRefInfoRepo.SigNameEMVCEInfo" uuid="55c54014-04f0-47c6-815e-ee27f61e9e48"/>
    </inports>
    <inports type="ModelRefInfoRepo.InportInformation" uuid="f02b1008-9c2a-4977-8004-a3dac93c6349">
      <isNotDerivPort>true</isNotDerivPort>
      <RTWSignalIdentifier>latch</RTWSignalIdentifier>
      <designMax>Inf</designMax>
      <designMin>-Inf</designMin>
      <indexType>2</indexType>
      <originalPortNumber>2</originalPortNumber>
      <rateInfo type="ModelRefInfoRepo.RateInfo">
        <compiled>true</compiled>
        <nonFcnCallPartitionName>D1</nonFcnCallPartitionName>
        <period>.3</period>
        <priority>40</priority>
        <rateIdx>0</rateIdx>
      </rateInfo>
      <resolvedSignalObject></resolvedSignalObject>
      <sigNameToEMVCEMap type="ModelRefInfoRepo.SigNameEMVCEInfo" uuid="4f8c780e-41ed-4c2a-a6f2-2e7d2e4adedd"/>
    </inports>
    <inports type="ModelRefInfoRepo.InportInformation" uuid="936cecd6-c3bd-4707-9d3d-63b25d09a6ce">
      <isNotDerivPort>true</isNotDerivPort>
      <RTWSignalIdentifier>upperLimit</RTWSignalIdentifier>
      <designMax>Inf</designMax>
      <designMin>-Inf</designMin>
      <indexType>2</indexType>
      <originalPortNumber>3</originalPortNumber>
      <rateInfo type="ModelRefInfoRepo.RateInfo">
        <compiled>true</compiled>
        <nonFcnCallPartitionName>D1</nonFcnCallPartitionName>
        <period>.3</period>
        <priority>40</priority>
        <rateIdx>0</rateIdx>
      </rateInfo>
      <resolvedSignalObject></resolvedSignalObject>
      <sigNameToEMVCEMap type="ModelRefInfoRepo.SigNameEMVCEInfo" uuid="2e1a1f81-782a-4388-abe9-0558e78e8189"/>
    </inports>
    <inports type="ModelRefInfoRepo.InportInformation" uuid="64d37a88-accc-4a43-8f65-db0717e9f397">
      <isNotDerivPort>true</isNotDerivPort>
      <RTWSignalIdentifier>lowerLimit</RTWSignalIdentifier>
      <designMax>Inf</designMax>
      <designMin>-Inf</designMin>
      <indexType>2</indexType>
      <originalPortNumber>4</originalPortNumber>
      <rateInfo type="ModelRefInfoRepo.RateInfo">
        <compiled>true</compiled>
        <nonFcnCallPartitionName>D1</nonFcnCallPartitionName>
        <period>.3</period>
        <priority>40</priority>
        <rateIdx>0</rateIdx>
      </rateInfo>
      <resolvedSignalObject></resolvedSignalObject>
      <sigNameToEMVCEMap type="ModelRefInfoRepo.SigNameEMVCEInfo" uuid="4420b0dc-9e44-45e1-a4c7-b59982777c58"/>
    </inports>
    <inports type="ModelRefInfoRepo.InportInformation" uuid="2383f1f6-abbe-4a12-b7fc-c061bef9550d">
      <isNotDerivPort>true</isNotDerivPort>
      <RTWSignalIdentifier>rawRSSIa</RTWSignalIdentifier>
      <designMax>Inf</designMax>
      <designMin>-Inf</designMin>
      <indexType>2</indexType>
      <originalPortNumber>5</originalPortNumber>
      <rateInfo type="ModelRefInfoRepo.RateInfo">
        <compiled>true</compiled>
        <nonFcnCallPartitionName>D1</nonFcnCallPartitionName>
        <period>.3</period>
        <priority>40</priority>
        <rateIdx>0</rateIdx>
      </rateInfo>
      <resolvedSignalObject></resolvedSignalObject>
      <sigNameToEMVCEMap type="ModelRefInfoRepo.SigNameEMVCEInfo" uuid="70f02e6e-49ed-49f1-a7b9-91cb2913a2b3"/>
    </inports>
    <inports type="ModelRefInfoRepo.InportInformation" uuid="654c3f4e-1449-421e-a272-b51d18a6b7d0">
      <isNotDerivPort>true</isNotDerivPort>
      <RTWSignalIdentifier>rawRSSIb</RTWSignalIdentifier>
      <designMax>Inf</designMax>
      <designMin>-Inf</designMin>
      <indexType>2</indexType>
      <originalPortNumber>6</originalPortNumber>
      <rateInfo type="ModelRefInfoRepo.RateInfo">
        <compiled>true</compiled>
        <nonFcnCallPartitionName>D1</nonFcnCallPartitionName>
        <period>.3</period>
        <priority>40</priority>
        <rateIdx>0</rateIdx>
      </rateInfo>
      <resolvedSignalObject></resolvedSignalObject>
      <sigNameToEMVCEMap type="ModelRefInfoRepo.SigNameEMVCEInfo" uuid="87e475e9-983d-4b04-93fb-a1086f2bd37d"/>
    </inports>
    <inports type="ModelRefInfoRepo.InportInformation" uuid="e7ba989f-227f-42cf-b608-b53807be2065">
      <isNotDerivPort>true</isNotDerivPort>
      <RTWSignalIdentifier>rawRSSIc</RTWSignalIdentifier>
      <designMax>Inf</designMax>
      <designMin>-Inf</designMin>
      <indexType>2</indexType>
      <originalPortNumber>7</originalPortNumber>
      <rateInfo type="ModelRefInfoRepo.RateInfo">
        <compiled>true</compiled>
        <nonFcnCallPartitionName>D1</nonFcnCallPartitionName>
        <period>.3</period>
        <priority>40</priority>
        <rateIdx>0</rateIdx>
      </rateInfo>
      <resolvedSignalObject></resolvedSignalObject>
      <sigNameToEMVCEMap type="ModelRefInfoRepo.SigNameEMVCEInfo" uuid="86b63939-8879-4385-a43c-6f32976e828c"/>
    </inports>
    <inports type="ModelRefInfoRepo.InportInformation" uuid="c07d46ea-a034-46e1-8ca9-b22cb055743f">
      <isNotDerivPort>true</isNotDerivPort>
      <RTWSignalIdentifier>powerStateReq</RTWSignalIdentifier>
      <designMax>Inf</designMax>
      <designMin>-Inf</designMin>
      <indexType>2</indexType>
      <originalPortNumber>8</originalPortNumber>
      <rateInfo type="ModelRefInfoRepo.RateInfo">
        <compiled>true</compiled>
        <nonFcnCallPartitionName>D1</nonFcnCallPartitionName>
        <period>.3</period>
        <priority>40</priority>
        <rateIdx>0</rateIdx>
      </rateInfo>
      <resolvedSignalObject></resolvedSignalObject>
      <sigNameToEMVCEMap type="ModelRefInfoRepo.SigNameEMVCEInfo" uuid="ed675a0a-6c71-48f1-bff2-d02e3e2db195"/>
    </inports>
    <inports type="ModelRefInfoRepo.InportInformation" uuid="45f22737-507c-4616-8389-3cd00004d9dd">
      <isNotDerivPort>true</isNotDerivPort>
      <RTWSignalIdentifier>RSSIgain</RTWSignalIdentifier>
      <designMax>Inf</designMax>
      <designMin>-Inf</designMin>
      <indexType>2</indexType>
      <originalPortNumber>9</originalPortNumber>
      <rateInfo type="ModelRefInfoRepo.RateInfo">
        <compiled>true</compiled>
        <nonFcnCallPartitionName>D1</nonFcnCallPartitionName>
        <period>.3</period>
        <priority>40</priority>
        <rateIdx>0</rateIdx>
      </rateInfo>
      <resolvedSignalObject></resolvedSignalObject>
      <sigNameToEMVCEMap type="ModelRefInfoRepo.SigNameEMVCEInfo" uuid="2fee064c-af00-4b7f-8991-8a36c2f5e0fc"/>
    </inports>
    <inports type="ModelRefInfoRepo.InportInformation" uuid="8a59e6a2-483b-4f14-94b2-1af27d530b39">
      <isNotDerivPort>true</isNotDerivPort>
      <RTWSignalIdentifier>RSSIgainUpdated</RTWSignalIdentifier>
      <designMax>Inf</designMax>
      <designMin>-Inf</designMin>
      <indexType>2</indexType>
      <originalPortNumber>10</originalPortNumber>
      <rateInfo type="ModelRefInfoRepo.RateInfo">
        <compiled>true</compiled>
        <nonFcnCallPartitionName>D1</nonFcnCallPartitionName>
        <period>.3</period>
        <priority>40</priority>
        <rateIdx>0</rateIdx>
      </rateInfo>
      <resolvedSignalObject></resolvedSignalObject>
      <sigNameToEMVCEMap type="ModelRefInfoRepo.SigNameEMVCEInfo" uuid="e5ca30f6-31ba-444f-abbd-dbf961b5832c"/>
    </inports>
    <isBdInSimModeForSimCodegenVariants>false</isBdInSimModeForSimCodegenVariants>
    <isInlineParamsOn>true</isInlineParamsOn>
    <isOrigInportVirtualBus>false</isOrigInportVirtualBus>
    <isOrigInportVirtualBus>false</isOrigInportVirtualBus>
    <isOrigInportVirtualBus>false</isOrigInportVirtualBus>
    <isOrigInportVirtualBus>false</isOrigInportVirtualBus>
    <isOrigInportVirtualBus>false</isOrigInportVirtualBus>
    <isOrigInportVirtualBus>false</isOrigInportVirtualBus>
    <isOrigInportVirtualBus>false</isOrigInportVirtualBus>
    <isOrigInportVirtualBus>false</isOrigInportVirtualBus>
    <isOrigInportVirtualBus>false</isOrigInportVirtualBus>
    <isOrigInportVirtualBus>false</isOrigInportVirtualBus>
    <isOrigInportVirtualBus>false</isOrigInportVirtualBus>
    <isOrigOutportVirtualBus>false</isOrigOutportVirtualBus>
    <isOrigOutportVirtualBus>false</isOrigOutportVirtualBus>
    <isOrigOutportVirtualBus>false</isOrigOutportVirtualBus>
    <isOrigOutportVirtualBus>false</isOrigOutportVirtualBus>
    <isOrigOutportVirtualBus>false</isOrigOutportVirtualBus>
    <isOrigOutportVirtualBus>false</isOrigOutportVirtualBus>
    <isOrigOutportVirtualBus>false</isOrigOutportVirtualBus>
    <isOrigOutportVirtualBus>false</isOrigOutportVirtualBus>
    <isOrigOutportVirtualBus>false</isOrigOutportVirtualBus>
    <isOrigOutportVirtualBus>false</isOrigOutportVirtualBus>
    <loggingSaveFormat>2</loggingSaveFormat>
    <maxFreqHz>-1.0</maxFreqHz>
    <numDataInputPorts>11</numDataInputPorts>
    <origInportBusType></origInportBusType>
    <origInportBusType></origInportBusType>
    <origInportBusType></origInportBusType>
    <origInportBusType></origInportBusType>
    <origInportBusType></origInportBusType>
    <origInportBusType></origInportBusType>
    <origInportBusType></origInportBusType>
    <origInportBusType></origInportBusType>
    <origInportBusType></origInportBusType>
    <origInportBusType></origInportBusType>
    <origInportBusType></origInportBusType>
    <origOutportBusOutputAsStruct>false</origOutportBusOutputAsStruct>
    <origOutportBusOutputAsStruct>false</origOutportBusOutputAsStruct>
    <origOutportBusOutputAsStruct>false</origOutportBusOutputAsStruct>
    <origOutportBusOutputAsStruct>false</origOutportBusOutputAsStruct>
    <origOutportBusOutputAsStruct>false</origOutportBusOutputAsStruct>
    <origOutportBusOutputAsStruct>false</origOutportBusOutputAsStruct>
    <origOutportBusOutputAsStruct>false</origOutportBusOutputAsStruct>
    <origOutportBusOutputAsStruct>false</origOutportBusOutputAsStruct>
    <origOutportBusOutputAsStruct>false</origOutportBusOutputAsStruct>
    <origOutportBusOutputAsStruct>false</origOutportBusOutputAsStruct>
    <origOutportBusType></origOutportBusType>
    <origOutportBusType></origOutportBusType>
    <origOutportBusType></origOutportBusType>
    <origOutportBusType></origOutportBusType>
    <origOutportBusType></origOutportBusType>
    <origOutportBusType></origOutportBusType>
    <origOutportBusType></origOutportBusType>
    <origOutportBusType></origOutportBusType>
    <origOutportBusType></origOutportBusType>
    <origOutportBusType></origOutportBusType>
    <outports type="ModelRefInfoRepo.OutportInformation" uuid="58d5e05c-afdb-40d5-afc6-0b6b4bb037fc">
      <hasSystemInitMethod>true</hasSystemInitMethod>
      <designMax>Inf</designMax>
      <designMin>-Inf</designMin>
      <rateInfo type="ModelRefInfoRepo.RateInfo">
        <compiled>true</compiled>
        <nonFcnCallPartitionName>D1</nonFcnCallPartitionName>
        <period>.3</period>
        <priority>40</priority>
        <rateIdx>0</rateIdx>
      </rateInfo>
      <resolvedSignalObject></resolvedSignalObject>
      <sigNameToEMVCEMap type="ModelRefInfoRepo.SigNameEMVCEInfo" uuid="ac3649dc-5131-4691-a3a8-c412de99c929"/>
    </outports>
    <outports type="ModelRefInfoRepo.OutportInformation" uuid="a81f479f-f801-458c-a5ad-ed7a825ee653">
      <hasSystemInitMethod>true</hasSystemInitMethod>
      <designMax>Inf</designMax>
      <designMin>-Inf</designMin>
      <originalPortNumber>1</originalPortNumber>
      <rateInfo type="ModelRefInfoRepo.RateInfo">
        <compiled>true</compiled>
        <nonFcnCallPartitionName>D1</nonFcnCallPartitionName>
        <period>.3</period>
        <priority>40</priority>
        <rateIdx>0</rateIdx>
      </rateInfo>
      <resolvedSignalObject></resolvedSignalObject>
      <sigNameToEMVCEMap type="ModelRefInfoRepo.SigNameEMVCEInfo" uuid="48f5be26-eaba-4e0e-bcf9-e1b1d48786f5"/>
    </outports>
    <outports type="ModelRefInfoRepo.OutportInformation" uuid="844768fc-807d-472e-9a65-9296b9810f44">
      <hasSystemInitMethod>true</hasSystemInitMethod>
      <designMax>Inf</designMax>
      <designMin>-Inf</designMin>
      <originalPortNumber>2</originalPortNumber>
      <rateInfo type="ModelRefInfoRepo.RateInfo">
        <compiled>true</compiled>
        <nonFcnCallPartitionName>D1</nonFcnCallPartitionName>
        <period>.3</period>
        <priority>40</priority>
        <rateIdx>0</rateIdx>
      </rateInfo>
      <resolvedSignalObject></resolvedSignalObject>
      <sigNameToEMVCEMap type="ModelRefInfoRepo.SigNameEMVCEInfo" uuid="c0527e86-b7ac-443d-9f21-689022694b18"/>
    </outports>
    <outports type="ModelRefInfoRepo.OutportInformation" uuid="f85ca09b-bd9f-4d78-b22a-11ec8badf8bd">
      <hasSystemInitMethod>true</hasSystemInitMethod>
      <designMax>Inf</designMax>
      <designMin>-Inf</designMin>
      <originalPortNumber>3</originalPortNumber>
      <rateInfo type="ModelRefInfoRepo.RateInfo">
        <compiled>true</compiled>
        <nonFcnCallPartitionName>D1</nonFcnCallPartitionName>
        <period>.3</period>
        <priority>40</priority>
        <rateIdx>0</rateIdx>
      </rateInfo>
      <resolvedSignalObject></resolvedSignalObject>
      <sigNameToEMVCEMap type="ModelRefInfoRepo.SigNameEMVCEInfo" uuid="6cde472a-70e2-48ba-ae85-4b08fd28b245"/>
    </outports>
    <outports type="ModelRefInfoRepo.OutportInformation" uuid="72ebb626-f7a2-4e08-8db2-0535aeedd3e9">
      <designMax>Inf</designMax>
      <designMin>-Inf</designMin>
      <originalPortNumber>4</originalPortNumber>
      <rateInfo type="ModelRefInfoRepo.RateInfo">
        <compiled>true</compiled>
        <nonFcnCallPartitionName>D1</nonFcnCallPartitionName>
        <period>.3</period>
        <priority>40</priority>
        <rateIdx>0</rateIdx>
      </rateInfo>
      <resolvedSignalObject></resolvedSignalObject>
      <sigNameToEMVCEMap type="ModelRefInfoRepo.SigNameEMVCEInfo" uuid="4a04e362-71b3-4280-80a4-824227c53a8d"/>
    </outports>
    <outports type="ModelRefInfoRepo.OutportInformation" uuid="1637a11d-e150-4c31-9c57-3ecb4e237f3b">
      <drivenByBlockOutputPotentiallyNotUpdateAtRunTime>true</drivenByBlockOutputPotentiallyNotUpdateAtRunTime>
      <hasSystemInitMethod>true</hasSystemInitMethod>
      <designMax>Inf</designMax>
      <designMin>-Inf</designMin>
      <originalPortNumber>5</originalPortNumber>
      <rateInfo type="ModelRefInfoRepo.RateInfo">
        <compiled>true</compiled>
        <needAbsoluteTime>true</needAbsoluteTime>
        <offset>Inf</offset>
        <period>Inf</period>
        <priority>-2147483648</priority>
      </rateInfo>
      <resolvedSignalObject></resolvedSignalObject>
      <sigNameToEMVCEMap type="ModelRefInfoRepo.SigNameEMVCEInfo" uuid="aa955a94-fc73-4d32-9069-ec3728d840e9"/>
    </outports>
    <outports type="ModelRefInfoRepo.OutportInformation" uuid="e001ce35-e7f7-4bf9-b2fb-106b4cf0c65d">
      <drivenByBlockOutputPotentiallyNotUpdateAtRunTime>true</drivenByBlockOutputPotentiallyNotUpdateAtRunTime>
      <hasSystemInitMethod>true</hasSystemInitMethod>
      <designMax>Inf</designMax>
      <designMin>-Inf</designMin>
      <originalPortNumber>6</originalPortNumber>
      <rateInfo type="ModelRefInfoRepo.RateInfo">
        <compiled>true</compiled>
        <needAbsoluteTime>true</needAbsoluteTime>
        <offset>Inf</offset>
        <period>Inf</period>
        <priority>-2147483648</priority>
      </rateInfo>
      <resolvedSignalObject></resolvedSignalObject>
      <sigNameToEMVCEMap type="ModelRefInfoRepo.SigNameEMVCEInfo" uuid="6ca6e319-c78e-4d92-8036-2dc75feb99ba"/>
    </outports>
    <outports type="ModelRefInfoRepo.OutportInformation" uuid="066f9090-d21a-4690-9b76-a0ef04799c2c">
      <drivenByBlockOutputPotentiallyNotUpdateAtRunTime>true</drivenByBlockOutputPotentiallyNotUpdateAtRunTime>
      <hasSystemInitMethod>true</hasSystemInitMethod>
      <designMax>Inf</designMax>
      <designMin>-Inf</designMin>
      <originalPortNumber>7</originalPortNumber>
      <rateInfo type="ModelRefInfoRepo.RateInfo">
        <compiled>true</compiled>
        <needAbsoluteTime>true</needAbsoluteTime>
        <offset>Inf</offset>
        <period>Inf</period>
        <priority>-2147483648</priority>
      </rateInfo>
      <resolvedSignalObject></resolvedSignalObject>
      <sigNameToEMVCEMap type="ModelRefInfoRepo.SigNameEMVCEInfo" uuid="0da645b9-03ef-420f-90a4-14a6fa7ac04a"/>
    </outports>
    <outports type="ModelRefInfoRepo.OutportInformation" uuid="0366843f-bc93-4b3c-8341-fe8707e455ee">
      <drivenByBlockOutputPotentiallyNotUpdateAtRunTime>true</drivenByBlockOutputPotentiallyNotUpdateAtRunTime>
      <hasSystemInitMethod>true</hasSystemInitMethod>
      <designMax>Inf</designMax>
      <designMin>-Inf</designMin>
      <originalPortNumber>8</originalPortNumber>
      <rateInfo type="ModelRefInfoRepo.RateInfo">
        <compiled>true</compiled>
        <needAbsoluteTime>true</needAbsoluteTime>
        <offset>Inf</offset>
        <period>Inf</period>
        <priority>-2147483648</priority>
      </rateInfo>
      <resolvedSignalObject></resolvedSignalObject>
      <sigNameToEMVCEMap type="ModelRefInfoRepo.SigNameEMVCEInfo" uuid="c1adf51c-91e0-44da-b5c3-661ba09f9e5a"/>
    </outports>
    <outports type="ModelRefInfoRepo.OutportInformation" uuid="136af8ac-0a28-4b06-9b00-e450d816abcf">
      <hasSystemInitMethod>true</hasSystemInitMethod>
      <designMax>Inf</designMax>
      <designMin>-Inf</designMin>
      <originalPortNumber>9</originalPortNumber>
      <rateInfo type="ModelRefInfoRepo.RateInfo">
        <compiled>true</compiled>
        <nonFcnCallPartitionName>D1</nonFcnCallPartitionName>
        <period>.3</period>
        <priority>40</priority>
        <rateIdx>0</rateIdx>
      </rateInfo>
      <resolvedSignalObject></resolvedSignalObject>
      <sigNameToEMVCEMap type="ModelRefInfoRepo.SigNameEMVCEInfo" uuid="74e80e07-0737-4155-946e-bc13851c6fdd"/>
    </outports>
    <removeResetFunc>true</removeResetFunc>
    <runtimeNonFcnCallRateInfos type="ModelRefInfoRepo.RateInfo">
      <compiled>true</compiled>
      <nonFcnCallPartitionName>D1</nonFcnCallPartitionName>
      <period>.3</period>
      <priority>40</priority>
      <rateIdx>0</rateIdx>
    </runtimeNonFcnCallRateInfos>
    <sampleTimeInheritanceRule>2</sampleTimeInheritanceRule>
    <standaloneEnumInfos type="ModelRefInfoRepo.StandaloneEnumInfo" uuid="b5483831-a829-460f-aee1-d463ebae982a">
      <defaultValue>None</defaultValue>
      <enumName>enPowerStates_t</enumName>
      <labels>None</labels>
      <labels>StartupHercules</labels>
      <labels>StartupJetson</labels>
      <labels>AllOn</labels>
      <labels>PowerOff</labels>
      <labels>ShutdownJetson</labels>
      <labels>JetsonOff</labels>
      <labels>ShutdownHercules</labels>
      <labels>ResetJetson</labels>
      <labels>ForcedRecoveryJetson</labels>
      <labels>JetsonStarting</labels>
      <labels>JetsonShuttingDown</labels>
      <labels>EnterForcedRecoveryJetson</labels>
      <storageType>int32</storageType>
      <values>0</values>
      <values>1</values>
      <values>2</values>
      <values>3</values>
      <values>4</values>
      <values>5</values>
      <values>6</values>
      <values>7</values>
      <values>8</values>
      <values>9</values>
      <values>10</values>
      <values>11</values>
      <values>12</values>
    </standaloneEnumInfos>
    <timingAndTaskingRegistry>&lt;?xml version=&quot;1.0&quot;?&gt;
&lt;slexec_sto version=&quot;1.1&quot; packageUris=&quot;http://schema.mathworks.com/mf0/slexec_mm_sto/R2019b_201902271317&quot;&gt;
  &lt;sto.Registry type=&quot;sto.Registry&quot; uuid=&quot;cfe378c6-4b6d-4d0c-9bfe-92d9d63e3066&quot;&gt;
    &lt;clocks type=&quot;sto.Timer&quot; uuid=&quot;289ea27d-b678-4b0a-a826-9e6f6a316547&quot;&gt;
      &lt;needsToProvideTimeDuringExecution&gt;true&lt;/needsToProvideTimeDuringExecution&gt;
      &lt;clockTickConstraint&gt;PeriodicWithFixedResolution&lt;/clockTickConstraint&gt;
      &lt;resolution&gt;.3&lt;/resolution&gt;
      &lt;specifiedTaskingMode&gt;ClassicMultiTasking&lt;/specifiedTaskingMode&gt;
      &lt;timeAdvanceMode&gt;FixedStep&lt;/timeAdvanceMode&gt;
      &lt;clockDomain type=&quot;sto.ClockDomain&quot; uuid=&quot;371914d2-9a5f-403d-83ee-79c1404e10b0&quot;&gt;
        &lt;baseTaskID&gt;_task0&lt;/baseTaskID&gt;
        &lt;computedFundamentalStepSize&gt;.3&lt;/computedFundamentalStepSize&gt;
        &lt;rates type=&quot;sto.Rate&quot; uuid=&quot;5fba4e04-e9df-4497-b1d5-1c210e0fb4cd&quot;/&gt;
        &lt;rootTaskHierarchyElements type=&quot;sto.Task&quot; uuid=&quot;706de0b3-e90d-43b0-b059-6d1a698b69c8&quot;&gt;
          &lt;isExecutable&gt;true&lt;/isExecutable&gt;
          &lt;orderIndex&gt;1&lt;/orderIndex&gt;
          &lt;rates type=&quot;sto.Rate&quot; uuid=&quot;5fba4e04-e9df-4497-b1d5-1c210e0fb4cd&quot;&gt;
            &lt;annotation&gt;D1&lt;/annotation&gt;
            &lt;colorIndex&gt;2&lt;/colorIndex&gt;
            &lt;description&gt;Discrete 1&lt;/description&gt;
            &lt;eventSourceType&gt;UNSPECIFIED_EVENT_SOURCE&lt;/eventSourceType&gt;
            &lt;registry type=&quot;sto.Registry&quot; uuid=&quot;cfe378c6-4b6d-4d0c-9bfe-92d9d63e3066&quot;/&gt;
            &lt;taskId&gt;_task0&lt;/taskId&gt;
            &lt;rateSpec type=&quot;sto.RateSpec&quot; uuid=&quot;de5e705d-9222-4663-8e0c-8f63dc96dcfc&quot;&gt;
              &lt;period&gt;.3&lt;/period&gt;
              &lt;rateType&gt;ClassicPeriodicDiscrete&lt;/rateType&gt;
            &lt;/rateSpec&gt;
          &lt;/rates&gt;
          &lt;elementType&gt;Task&lt;/elementType&gt;
          &lt;identifier&gt;_task0&lt;/identifier&gt;
          &lt;priority&gt;40&lt;/priority&gt;
        &lt;/rootTaskHierarchyElements&gt;
      &lt;/clockDomain&gt;
    &lt;/clocks&gt;
    &lt;clocks type=&quot;sto.Event&quot; uuid=&quot;8d7fa676-530a-4527-861e-95e0e0a19f2b&quot;&gt;
      &lt;clientId&gt;NonTunableParameterChangeEvent&lt;/clientId&gt;
      &lt;eventType&gt;UNSPECIFIED_EVENT_SOURCE&lt;/eventType&gt;
      &lt;cNum&gt;2&lt;/cNum&gt;
      &lt;clockType&gt;Event&lt;/clockType&gt;
      &lt;identifier&gt;NonTunableParameterChangeEvent&lt;/identifier&gt;
      &lt;resolution&gt;-1.0&lt;/resolution&gt;
      &lt;specifiedTaskingMode&gt;ExplicitTasking&lt;/specifiedTaskingMode&gt;
      &lt;timeAdvanceMode&gt;None&lt;/timeAdvanceMode&gt;
      &lt;clockDomain type=&quot;sto.ClockDomain&quot; uuid=&quot;40850de3-8f01-4455-9909-f516322542b1&quot;&gt;
        &lt;computedFundamentalStepSize&gt;-1.0&lt;/computedFundamentalStepSize&gt;
      &lt;/clockDomain&gt;
    &lt;/clocks&gt;
    &lt;clocks type=&quot;sto.Event&quot; uuid=&quot;76ec3949-d52e-4324-9140-ccc121efa742&quot;&gt;
      &lt;clientId&gt;ParameterChangeEvent&lt;/clientId&gt;
      &lt;eventType&gt;PARAMETER_CHANGE_EVENT&lt;/eventType&gt;
      &lt;cNum&gt;1&lt;/cNum&gt;
      &lt;clockType&gt;Event&lt;/clockType&gt;
      &lt;identifier&gt;ParameterChangeEvent&lt;/identifier&gt;
      &lt;resolution&gt;-1.0&lt;/resolution&gt;
      &lt;specifiedTaskingMode&gt;ExplicitTasking&lt;/specifiedTaskingMode&gt;
      &lt;timeAdvanceMode&gt;None&lt;/timeAdvanceMode&gt;
      &lt;clockDomain type=&quot;sto.ClockDomain&quot; uuid=&quot;da1908f4-0965-4b28-868e-ac16320565eb&quot;&gt;
        &lt;computedFundamentalStepSize&gt;-1.0&lt;/computedFundamentalStepSize&gt;
        &lt;rates type=&quot;sto.Rate&quot; uuid=&quot;8446698e-e019-4933-b8bf-a5995c2c1e64&quot;/&gt;
        &lt;rootTaskHierarchyElements type=&quot;sto.Task&quot; uuid=&quot;2dec615f-b213-4f23-9c7b-130d34835a71&quot;&gt;
          &lt;isExplicit&gt;true&lt;/isExplicit&gt;
          &lt;rates type=&quot;sto.Rate&quot; uuid=&quot;8446698e-e019-4933-b8bf-a5995c2c1e64&quot;&gt;
            &lt;eventSourceType&gt;PARAMETER_CHANGE_EVENT&lt;/eventSourceType&gt;
            &lt;rateIDX&gt;-1&lt;/rateIDX&gt;
            &lt;registry type=&quot;sto.Registry&quot; uuid=&quot;cfe378c6-4b6d-4d0c-9bfe-92d9d63e3066&quot;/&gt;
            &lt;stringID&gt;ParameterChangeEvent&lt;/stringID&gt;
            &lt;taskId&gt;ModelWideParameterChangeEvent&lt;/taskId&gt;
            &lt;useForExecution&gt;NotForExecution&lt;/useForExecution&gt;
            &lt;rateSpec type=&quot;sto.RateSpec&quot; uuid=&quot;0268821e-7605-407a-9a99-98992cd7a2d1&quot;&gt;
              &lt;period&gt;Inf&lt;/period&gt;
              &lt;rateType&gt;ModelWideParameterChangeEvent&lt;/rateType&gt;
            &lt;/rateSpec&gt;
          &lt;/rates&gt;
          &lt;tNum&gt;1&lt;/tNum&gt;
          &lt;elementType&gt;Task&lt;/elementType&gt;
          &lt;identifier&gt;ModelWideParameterChangeEvent&lt;/identifier&gt;
          &lt;priority&gt;-1&lt;/priority&gt;
          &lt;schedulingClockID&gt;ParameterChangeEvent&lt;/schedulingClockID&gt;
        &lt;/rootTaskHierarchyElements&gt;
      &lt;/clockDomain&gt;
    &lt;/clocks&gt;
    &lt;executionSpec&gt;Undetermined&lt;/executionSpec&gt;
    &lt;taskDependencyGraph type=&quot;sto.SerializedTaskConnectionList&quot; uuid=&quot;ec0c3e6f-fe06-47dc-86d5-c51d2b019e95&quot;&gt;
      &lt;taskIdentifier&gt;_task0&lt;/taskIdentifier&gt;
    &lt;/taskDependencyGraph&gt;
    &lt;taskDependencyGraph type=&quot;sto.SerializedTaskConnectionList&quot; uuid=&quot;56366ce6-2ca4-4454-868f-b4836d85ab85&quot;&gt;
      &lt;clockIdentifier&gt;ParameterChangeEvent&lt;/clockIdentifier&gt;
      &lt;taskIdentifier&gt;ModelWideParameterChangeEvent&lt;/taskIdentifier&gt;
    &lt;/taskDependencyGraph&gt;
    &lt;taskPriorityDirection&gt;HighNumberLast&lt;/taskPriorityDirection&gt;
    &lt;taskingMode&gt;ClassicMultiTasking&lt;/taskingMode&gt;
    &lt;tasks type=&quot;sto.Task&quot; uuid=&quot;706de0b3-e90d-43b0-b059-6d1a698b69c8&quot;/&gt;
    &lt;tasks type=&quot;sto.Task&quot; uuid=&quot;2dec615f-b213-4f23-9c7b-130d34835a71&quot;/&gt;
    &lt;timeAdvanceMode&gt;FixedStep&lt;/timeAdvanceMode&gt;
  &lt;/sto.Registry&gt;
&lt;/slexec_sto&gt;</timingAndTaskingRegistry>
    <zeroInternalMemoryAtStartupUnchecked>true</zeroInternalMemoryAtStartupUnchecked>
    <FMUBlockMap type="ModelRefInfoRepo.FMUBlockInfo" uuid="dab49f15-494d-491d-9f16-15b4932c2adb"/>
    <codeGenInfo type="ModelRefInfoRepo.CodeGenInformation" uuid="7b94a033-72ea-4354-971f-987f3ce57161"/>
    <configSettingsForConsistencyChecks type="ModelRefInfoRepo.ConfigSettingsForConsistencyChecks" uuid="3370cf94-5fd4-4c06-b346-9055635f46eb">
      <consistentOutportInitialization>true</consistentOutportInitialization>
      <fixedStepSize>.3</fixedStepSize>
      <frameDiagnosticSetting>2</frameDiagnosticSetting>
      <hasHybridSampleTime>true</hasHybridSampleTime>
      <optimizedInitCode>true</optimizedInitCode>
      <signalLoggingSaveFormat>2</signalLoggingSaveFormat>
      <simSIMDOptimization>1</simSIMDOptimization>
      <solverName>FixedStepDiscrete</solverName>
      <solverType>SOLVER_TYPE_FIXEDSTEP</solverType>
      <useDivForNetSlopComp>2</useDivForNetSlopComp>
      <hardwareSettings type="ModelRefInfoRepo.HardwareSettings" uuid="d9501e7f-221a-4300-ba9e-e2aed8f9912f">
        <prodBitPerChar>8</prodBitPerChar>
        <prodBitPerDouble>64</prodBitPerDouble>
        <prodBitPerFloat>32</prodBitPerFloat>
        <prodBitPerInt>32</prodBitPerInt>
        <prodBitPerLong>32</prodBitPerLong>
        <prodBitPerLongLong>64</prodBitPerLongLong>
        <prodBitPerPointer>32</prodBitPerPointer>
        <prodBitPerPtrDiffT>32</prodBitPerPtrDiffT>
        <prodBitPerShort>16</prodBitPerShort>
        <prodBitPerSizeT>32</prodBitPerSizeT>
        <prodEndianess>2</prodEndianess>
        <prodLargestAtomicFloat>1</prodLargestAtomicFloat>
        <prodLargestAtomicInteger>3</prodLargestAtomicInteger>
        <prodLongLongMode>true</prodLongLongMode>
        <prodShiftRight>true</prodShiftRight>
        <prodWordSize>32</prodWordSize>
      </hardwareSettings>
    </configSettingsForConsistencyChecks>
    <controllableInputRatesMap type="ModelRefInfoRepo.VarTsUIDMap" uuid="57c822a0-7336-4be1-acba-1a2c623859bb"/>
    <controllableOutputRatesMap type="ModelRefInfoRepo.VarTsUIDMap" uuid="0e6593e7-9722-4b4c-a313-6cab3523c651"/>
    <dataPortGroup type="ModelRefInfoRepo.DataPortGroup" uuid="7ee23fa7-5222-4bf9-8ab1-fbcfd8c014f4">
      <compDataInputPorts>0</compDataInputPorts>
      <compDataInputPorts>1</compDataInputPorts>
      <compDataInputPorts>2</compDataInputPorts>
      <compDataInputPorts>3</compDataInputPorts>
      <compDataInputPorts>4</compDataInputPorts>
      <compDataInputPorts>5</compDataInputPorts>
      <compDataInputPorts>6</compDataInputPorts>
      <compDataInputPorts>7</compDataInputPorts>
      <compDataInputPorts>8</compDataInputPorts>
      <compDataInputPorts>9</compDataInputPorts>
      <compDataInputPorts>10</compDataInputPorts>
      <compDataOutputPorts>0</compDataOutputPorts>
      <compDataOutputPorts>1</compDataOutputPorts>
      <compDataOutputPorts>2</compDataOutputPorts>
      <compDataOutputPorts>3</compDataOutputPorts>
      <compDataOutputPorts>4</compDataOutputPorts>
      <compDataOutputPorts>5</compDataOutputPorts>
      <compDataOutputPorts>6</compDataOutputPorts>
      <compDataOutputPorts>7</compDataOutputPorts>
      <compDataOutputPorts>8</compDataOutputPorts>
      <compDataOutputPorts>9</compDataOutputPorts>
      <dataInputPorts>0</dataInputPorts>
      <dataInputPorts>1</dataInputPorts>
      <dataInputPorts>2</dataInputPorts>
      <dataInputPorts>3</dataInputPorts>
      <dataInputPorts>4</dataInputPorts>
      <dataInputPorts>5</dataInputPorts>
      <dataInputPorts>6</dataInputPorts>
      <dataInputPorts>7</dataInputPorts>
      <dataInputPorts>8</dataInputPorts>
      <dataInputPorts>9</dataInputPorts>
      <dataInputPorts>10</dataInputPorts>
      <dataOutputPorts>0</dataOutputPorts>
      <dataOutputPorts>1</dataOutputPorts>
      <dataOutputPorts>2</dataOutputPorts>
      <dataOutputPorts>3</dataOutputPorts>
      <dataOutputPorts>4</dataOutputPorts>
      <dataOutputPorts>5</dataOutputPorts>
      <dataOutputPorts>6</dataOutputPorts>
      <dataOutputPorts>7</dataOutputPorts>
      <dataOutputPorts>8</dataOutputPorts>
      <dataOutputPorts>9</dataOutputPorts>
    </dataPortGroup>
    <expFcnUnconnectedDataPortGroup type="ModelRefInfoRepo.DataPortGroup" uuid="8808b75e-9935-42c2-bc58-90b3a83f0f56"/>
    <interfaceParameterInfo type="ModelRefInfoRepo.InterfaceParameterInfo" uuid="5e26c216-303c-4582-b5f2-df252355b8c5"/>
    <messageInfo type="ModelRefInfoRepo.MessageInformation" uuid="273c7e31-1a2c-471c-8fe1-b4e0d95744a6"/>
    <methodInfo type="ModelRefInfoRepo.MethodExistenceInfo" uuid="7f387d6d-4d2d-45a0-8be2-6123ae1c5fa8">
      <hasSystemInitializeMethod>true</hasSystemInitializeMethod>
      <hasSystemResetMethod>true</hasSystemResetMethod>
      <hasTerminateMethod>true</hasTerminateMethod>
    </methodInfo>
    <periodicEventPortUnsupportedBlockInfo type="ModelRefInfoRepo.PeriodicEventPortUnsupportedBlockInfo" uuid="107ba44d-a70b-470c-9f26-4dd613f488ec"/>
    <portGroupsRequireSameRate type="ModelRefInfoRepo.PortGroupsRequireSameRate" uuid="826534ff-b483-4d5f-9e62-a419dc14f18b">
      <DSMPortGroups type="ModelRefInfoRepo.NameToPortGroupIdxVectMap" uuid="c7578e2e-5866-4d0e-a17b-06c882409604"/>
      <GlobalDSMPortGroups type="ModelRefInfoRepo.NameToPortGroupIdxVectMap" uuid="8b072cfd-2f07-4220-9364-ed3d7e789d1a"/>
      <mergedPortGroups type="ModelRefInfoRepo.NameToPortGroupIdxVectMap" uuid="52af6799-c960-439f-b3bd-6dad3bc22f6f"/>
    </portGroupsRequireSameRate>
    <rateSpecOfGlobalDSMAccessedByDescExpFcnMdlMap type="ModelRefInfoRepo.GlobalDSMRateSpecMap" uuid="56901909-ac12-4866-b024-4fbe78affa0c"/>
    <rootBlockDiagramInterface type="ci.Model" uuid="d0034013-6627-4a82-af22-76d261fbad53">
      <p_RootComponentInterface type="ci.ComponentInterface" uuid="ed801e8b-0956-4f60-9900-be96474bff51">
        <p_InputPorts type="ci.SignalInterface" uuid="486186e0-4306-401c-b79e-7a4645efe8af">
          <p_ComputedNumericDimensions>1.0</p_ComputedNumericDimensions>
          <p_ComputedSampleTime>.3</p_ComputedSampleTime>
          <p_ComputedSampleTime>0.0</p_ComputedSampleTime>
          <p_ComputedType>boolean</p_ComputedType>
          <p_SignalName>jetsonOn</p_SignalName>
        </p_InputPorts>
        <p_InputPorts type="ci.SignalInterface" uuid="4a1fb61e-a071-4248-b920-725492661a0f">
          <p_ComputedNumericDimensions>1.0</p_ComputedNumericDimensions>
          <p_ComputedSampleTime>.3</p_ComputedSampleTime>
          <p_ComputedSampleTime>0.0</p_ComputedSampleTime>
          <p_ComputedType>boolean</p_ComputedType>
          <p_SignalName>PwrOn</p_SignalName>
        </p_InputPorts>
        <p_InputPorts type="ci.SignalInterface" uuid="c3de7a94-7e1e-40de-9f1d-0cb2797ee770">
          <p_ComputedNumericDimensions>1.0</p_ComputedNumericDimensions>
          <p_ComputedSampleTime>.3</p_ComputedSampleTime>
          <p_ComputedSampleTime>0.0</p_ComputedSampleTime>
          <p_ComputedType>boolean</p_ComputedType>
          <p_SignalName>latch</p_SignalName>
        </p_InputPorts>
        <p_InputPorts type="ci.SignalInterface" uuid="8af33bc7-675c-4879-8471-0c1f36c49c35">
          <p_ComputedNumericDimensions>1.0</p_ComputedNumericDimensions>
          <p_ComputedSampleTime>.3</p_ComputedSampleTime>
          <p_ComputedSampleTime>0.0</p_ComputedSampleTime>
          <p_ComputedType>boolean</p_ComputedType>
          <p_SignalName>upperLimit</p_SignalName>
        </p_InputPorts>
        <p_InputPorts type="ci.SignalInterface" uuid="1f78b4d9-26a2-4695-a75a-dcd72b3861da">
          <p_ComputedNumericDimensions>1.0</p_ComputedNumericDimensions>
          <p_ComputedSampleTime>.3</p_ComputedSampleTime>
          <p_ComputedSampleTime>0.0</p_ComputedSampleTime>
          <p_ComputedType>boolean</p_ComputedType>
          <p_SignalName>lowerLimit</p_SignalName>
        </p_InputPorts>
        <p_InputPorts type="ci.SignalInterface" uuid="e191ef8f-c3f5-4481-b586-70901605043f">
          <p_ComputedNumericDimensions>1.0</p_ComputedNumericDimensions>
          <p_ComputedSampleTime>.3</p_ComputedSampleTime>
          <p_ComputedSampleTime>0.0</p_ComputedSampleTime>
          <p_ComputedType>uint16</p_ComputedType>
          <p_SignalName>rawRSSIa</p_SignalName>
        </p_InputPorts>
        <p_InputPorts type="ci.SignalInterface" uuid="b19e6c2f-b7d6-4b4b-a1e6-f220423f43e6">
          <p_ComputedNumericDimensions>1.0</p_ComputedNumericDimensions>
          <p_ComputedSampleTime>.3</p_ComputedSampleTime>
          <p_ComputedSampleTime>0.0</p_ComputedSampleTime>
          <p_ComputedType>uint16</p_ComputedType>
          <p_SignalName>rawRSSIb</p_SignalName>
        </p_InputPorts>
        <p_InputPorts type="ci.SignalInterface" uuid="2cb75e14-a1fb-405e-96ec-b729b218d09f">
          <p_ComputedNumericDimensions>1.0</p_ComputedNumericDimensions>
          <p_ComputedSampleTime>.3</p_ComputedSampleTime>
          <p_ComputedSampleTime>0.0</p_ComputedSampleTime>
          <p_ComputedType>uint16</p_ComputedType>
          <p_SignalName>rawRSSIc</p_SignalName>
        </p_InputPorts>
        <p_InputPorts type="ci.SignalInterface" uuid="20ee755b-4591-413d-9a52-85484bd75e0a">
          <p_ComputedNumericDimensions>1.0</p_ComputedNumericDimensions>
          <p_ComputedSampleTime>.3</p_ComputedSampleTime>
          <p_ComputedSampleTime>0.0</p_ComputedSampleTime>
          <p_ComputedType>enPowerStates_t</p_ComputedType>
          <p_SignalName>powerStateReq</p_SignalName>
        </p_InputPorts>
        <p_InputPorts type="ci.SignalInterface" uuid="d0cbaf3e-e698-4388-b130-39007dea23c1">
          <p_ComputedNumericDimensions>1.0</p_ComputedNumericDimensions>
          <p_ComputedSampleTime>.3</p_ComputedSampleTime>
          <p_ComputedSampleTime>0.0</p_ComputedSampleTime>
          <p_ComputedType>uint8</p_ComputedType>
          <p_SignalName>RSSIgain</p_SignalName>
        </p_InputPorts>
        <p_InputPorts type="ci.SignalInterface" uuid="9bee1aac-fea7-4f5b-990e-9e0d122b20e7">
          <p_ComputedNumericDimensions>1.0</p_ComputedNumericDimensions>
          <p_ComputedSampleTime>.3</p_ComputedSampleTime>
          <p_ComputedSampleTime>0.0</p_ComputedSampleTime>
          <p_ComputedType>boolean</p_ComputedType>
          <p_SignalName>RSSIgainUpdated</p_SignalName>
        </p_InputPorts>
        <p_Name>Hercules</p_Name>
        <p_OutputPorts type="ci.SignalInterface" uuid="2e686f17-89aa-4856-a23f-e15e4b5a105f">
          <p_ComputedNumericDimensions>1.0</p_ComputedNumericDimensions>
          <p_ComputedSampleTime>.3</p_ComputedSampleTime>
          <p_ComputedSampleTime>0.0</p_ComputedSampleTime>
          <p_ComputedType>boolean</p_ComputedType>
        </p_OutputPorts>
        <p_OutputPorts type="ci.SignalInterface" uuid="5d998711-7188-42a1-a80e-00773af3b7e1">
          <p_ComputedNumericDimensions>1.0</p_ComputedNumericDimensions>
          <p_ComputedSampleTime>.3</p_ComputedSampleTime>
          <p_ComputedSampleTime>0.0</p_ComputedSampleTime>
          <p_ComputedType>boolean</p_ComputedType>
        </p_OutputPorts>
        <p_OutputPorts type="ci.SignalInterface" uuid="7092ebc4-bfae-42a4-9252-0f08d6e235e3">
          <p_ComputedNumericDimensions>1.0</p_ComputedNumericDimensions>
          <p_ComputedSampleTime>.3</p_ComputedSampleTime>
          <p_ComputedSampleTime>0.0</p_ComputedSampleTime>
          <p_ComputedType>boolean</p_ComputedType>
        </p_OutputPorts>
        <p_OutputPorts type="ci.SignalInterface" uuid="44215b01-3f82-4996-acea-8b16351a7f19">
          <p_ComputedNumericDimensions>1.0</p_ComputedNumericDimensions>
          <p_ComputedSampleTime>.3</p_ComputedSampleTime>
          <p_ComputedSampleTime>0.0</p_ComputedSampleTime>
          <p_ComputedType>boolean</p_ComputedType>
        </p_OutputPorts>
        <p_OutputPorts type="ci.SignalInterface" uuid="68f09dcf-6515-4713-984f-6c01f656d079">
          <p_ComputedNumericDimensions>1.0</p_ComputedNumericDimensions>
          <p_ComputedSampleTime>.3</p_ComputedSampleTime>
          <p_ComputedSampleTime>0.0</p_ComputedSampleTime>
          <p_ComputedType>boolean</p_ComputedType>
        </p_OutputPorts>
        <p_OutputPorts type="ci.SignalInterface" uuid="d9a00767-f223-4c5e-90d6-0725ab757826">
          <p_ComputedNumericDimensions>1.0</p_ComputedNumericDimensions>
          <p_ComputedSampleTime>Inf</p_ComputedSampleTime>
          <p_ComputedSampleTime>0.0</p_ComputedSampleTime>
        </p_OutputPorts>
        <p_OutputPorts type="ci.SignalInterface" uuid="ab1873a0-fbfe-4117-a5db-756929be956e">
          <p_ComputedNumericDimensions>1.0</p_ComputedNumericDimensions>
          <p_ComputedSampleTime>Inf</p_ComputedSampleTime>
          <p_ComputedSampleTime>0.0</p_ComputedSampleTime>
        </p_OutputPorts>
        <p_OutputPorts type="ci.SignalInterface" uuid="fa4d3e40-e82f-4e22-9d49-fc6dca75f464">
          <p_ComputedNumericDimensions>1.0</p_ComputedNumericDimensions>
          <p_ComputedSampleTime>Inf</p_ComputedSampleTime>
          <p_ComputedSampleTime>0.0</p_ComputedSampleTime>
        </p_OutputPorts>
        <p_OutputPorts type="ci.SignalInterface" uuid="7ba11638-3981-4ef1-aefd-a6d65eea9fe3">
          <p_ComputedNumericDimensions>1.0</p_ComputedNumericDimensions>
          <p_ComputedSampleTime>Inf</p_ComputedSampleTime>
          <p_ComputedSampleTime>0.0</p_ComputedSampleTime>
          <p_ComputedType>enPowerStates_t</p_ComputedType>
        </p_OutputPorts>
        <p_OutputPorts type="ci.SignalInterface" uuid="a5b1fdde-d309-43dc-8498-1ef2ab93f166">
          <p_ComputedNumericDimensions>1.0</p_ComputedNumericDimensions>
          <p_ComputedSampleTime>.3</p_ComputedSampleTime>
          <p_ComputedSampleTime>0.0</p_ComputedSampleTime>
          <p_ComputedType>boolean</p_ComputedType>
        </p_OutputPorts>
        <p_Type>ROOT</p_Type>
      </p_RootComponentInterface>
    </rootBlockDiagramInterface>
    <simulinkFunctions type="ModelRefInfoRepo.SimulinkFunctions" uuid="3d70e71e-de5c-4e58-9a6c-08a2ecfc40d7">
      <compSimulinkFunctionCatalog></compSimulinkFunctionCatalog>
    </simulinkFunctions>
    <stateWriterToOwnerMap type="ModelRefInfoRepo.StateWriterInfo" uuid="41c1a770-119c-4867-b8bf-ad846e975eaf"/>
    <stoClientDataRegistry type="sto.ClientDataRegistry" uuid="23ee3320-399e-40c8-9bf0-d862d93e5d8d">
      <dataSets type="sto.ClientClockNamedDataSet" uuid="ff2df13e-b148-456f-809f-6bc47d5a039f">
        <tag>sltpEvents</tag>
      </dataSets>
      <dataSets type="sto.ClientTaskHierarchyElementNamedDataSet" uuid="475426a4-5508-40b9-b04a-07e00d693e7b">
        <tag>sltpTaskGroups</tag>
      </dataSets>
      <dataSets type="sto.ClientTaskHierarchyElementNamedDataSet" uuid="f5e23235-bf39-41ea-8eb5-e264cbb0fe41">
        <dSet type="ModelRefInfoRepo.SltpTaskData" uuid="43cf1601-31ff-43c4-a1ef-3f136adead3f"/>
        <tSet type="ModelRefInfoRepo.SltpTaskData" uuid="43cf1601-31ff-43c4-a1ef-3f136adead3f">
          <dataName>D1</dataName>
          <linkedSet type="sto.ClientTaskHierarchyElementNamedDataSet" uuid="f5e23235-bf39-41ea-8eb5-e264cbb0fe41"/>
          <id type="sto.TaskHierarchyElementId">
            <id>_task0</id>
          </id>
        </tSet>
        <tag>sltpTasks</tag>
      </dataSets>
    </stoClientDataRegistry>
    <varTsUIDMap type="ModelRefInfoRepo.VarTsUIDMap" uuid="0d1238b2-0d76-4eef-879f-dfd3daef5a7b"/>
  </ModelRefInfoRepo.ModelRefInfoRoot>
</MF0>